{"parent": "minecraft:recipes/root", "criteria": {"has_red_sandstone": {"trigger": "minecraft:inventory_changed", "conditions": {"items": [{"item": "minecraft:red_sandstone"}]}}, "has_chiseled_red_sandstone": {"trigger": "minecraft:inventory_changed", "conditions": {"items": [{"item": "minecraft:chiseled_red_sandstone"}]}}, "has_cut_red_sandstone": {"trigger": "minecraft:inventory_changed", "conditions": {"items": [{"item": "minecraft:cut_red_sandstone"}]}}, "has_the_recipe": {"trigger": "minecraft:recipe_unlocked", "conditions": {"recipe": "minecraft:chiseled_red_sandstone"}}}, "requirements": [["has_red_sandstone", "has_chiseled_red_sandstone", "has_cut_red_sandstone", "has_the_recipe"]]}