{"parent": "minecraft:recipes/root", "criteria": {"has_chiseled_quartz_block": {"trigger": "minecraft:inventory_changed", "conditions": {"items": [{"item": "minecraft:chiseled_quartz_block"}]}}, "has_quartz_block": {"trigger": "minecraft:inventory_changed", "conditions": {"items": [{"item": "minecraft:quartz_block"}]}}, "has_quartz_pillar": {"trigger": "minecraft:inventory_changed", "conditions": {"items": [{"item": "minecraft:quartz_pillar"}]}}, "has_the_recipe": {"trigger": "minecraft:recipe_unlocked", "conditions": {"recipe": "minecraft:quartz_slab"}}}, "requirements": [["has_chiseled_quartz_block", "has_quartz_block", "has_quartz_pillar", "has_the_recipe"]]}