{"parent": "minecraft:recipes/root", "criteria": {"has_sandstone": {"trigger": "minecraft:inventory_changed", "conditions": {"items": [{"item": "minecraft:sandstone"}]}}, "has_chiseled_sandstone": {"trigger": "minecraft:inventory_changed", "conditions": {"items": [{"item": "minecraft:chiseled_sandstone"}]}}, "has_cut_sandstone": {"trigger": "minecraft:inventory_changed", "conditions": {"items": [{"item": "minecraft:cut_sandstone"}]}}, "has_the_recipe": {"trigger": "minecraft:recipe_unlocked", "conditions": {"recipe": "minecraft:sandstone_stairs"}}}, "requirements": [["has_sandstone", "has_chiseled_sandstone", "has_cut_sandstone", "has_the_recipe"]]}