{"parent": "minecraft:recipes/root", "criteria": {"has_white_carpet": {"trigger": "minecraft:inventory_changed", "conditions": {"items": [{"item": "minecraft:white_carpet"}]}}, "has_light_gray_dye": {"trigger": "minecraft:inventory_changed", "conditions": {"items": [{"item": "minecraft:light_gray_dye"}]}}, "has_the_recipe": {"trigger": "minecraft:recipe_unlocked", "conditions": {"recipe": "minecraft:light_gray_carpet_from_white_carpet"}}}, "requirements": [["has_white_carpet", "has_light_gray_dye", "has_the_recipe"]]}