{"parent": "minecraft:recipes/root", "criteria": {"has_glass_pane": {"trigger": "minecraft:inventory_changed", "conditions": {"items": [{"item": "minecraft:glass_pane"}]}}, "has_purple_dye": {"trigger": "minecraft:inventory_changed", "conditions": {"items": [{"item": "minecraft:purple_dye"}]}}, "has_the_recipe": {"trigger": "minecraft:recipe_unlocked", "conditions": {"recipe": "minecraft:purple_stained_glass_pane_from_glass_pane"}}}, "requirements": [["has_glass_pane", "has_purple_dye", "has_the_recipe"]]}